Time,Date,Year,Month,Country,Exports,Imports,Trade_Balance,Trade_Volume,Export_Import_Ratio,Export_Share,Import_Share,RCA_Index
2012,2012,2012,Annual,Canada,292650534087.0,324263012583.0,-31612478496.0,616913546670.0,0.9025097613070862,0.5754882455063426,0.5387711699055849,1.068149666596288
2012,2012,2012,Annual,Mexico,215875115867.0,277593639546.0,-61718523679.0,493468755413.0,0.7776659300265681,0.42451175449365736,0.46122883009441507,0.9203929303525072
2013,2013,2013,Annual,Canada,300754868974.0,332503645324.0,-31748776350.0,633258514298.0,0.904516005173227,0.5710073945651247,0.5423674939855488,1.0528053412071539
2013,2013,2013,Annual,Mexico,225954367783.0,280556040242.0,-54601672459.0,506510408025.0,0.8053805135975611,0.4289926054348753,0.4576325060144511,0.9374172502976189
2014,2014,2014,Annual,Canada,312816950458.0,349286122826.0,-36469172368.0,662103073284.0,0.8955894036873391,0.5648308609941058,0.5415153677324213,1.0430560140136327
2014,2014,2014,Annual,Mexico,241007162317.0,295729962846.0,-54722800529.0,536737125163.0,0.8149568613123701,0.4351691390058942,0.45848463226757874,0.949146619928414
2015,2015,2015,Annual,Canada,280855169199.0,296305080863.0,-15449911664.0,577160250062.0,0.9478580940326722,0.5429090648410835,0.4998918206077704,1.086053106812215
2015,2015,2015,Annual,Mexico,236460137152.0,296433325024.0,-59973187872.0,532893462176.0,0.7976840563821749,0.4570909351589166,0.5001081793922296,0.9139841218242202
2016,2016,2016,Annual,Canada,266734465220.0,277719813481.0,-10985348261.0,544454278701.0,0.9604444921544946,0.5367286994647513,0.48618677429712276,1.1039557796295398
2016,2016,2016,Annual,Mexico,230228833903.0,293500606660.0,-63271772757.0,523729440563.0,0.7844237070681903,0.4632713005352486,0.5138132257028772,0.9016336625074429
2017,2017,2017,Annual,Canada,282773829896.0,299065421162.0,-16291591266.0,581839251058.0,0.9455249918138311,0.5372018756450825,0.4888829456856283,1.0988353764144705
2017,2017,2017,Annual,Mexico,243608974625.0,312666740496.0,-69057765871.0,556275715121.0,0.7791329971283484,0.4627981243549175,0.5111170543143717,0.9054640623872927
2018,2018,2018,Annual,Canada,299731711825.0,318574772746.0,-18843060921.0,618306484571.0,0.9408519991756422,0.5298424175702025,0.481045250025578,1.1014398698293555
2018,2018,2018,Annual,Mexico,265968016784.0,343680540510.0,-77712523726.0,609648557294.0,0.7738815133068646,0.4701575824297975,0.518954749974422,0.9059702844091327
2019,2019,2019,Annual,Canada,292820257565.0,318588767408.0,-25768509843.0,611409024973.0,0.9191167031636127,0.5328880658331897,0.47220557455206186,1.1285086296126252
2019,2019,2019,Annual,Mexico,256676487323.0,356093584045.0,-99417096722.0,612770071368.0,0.720811884357241,0.4671119341668103,0.5277944254479381,0.8850262747098424
2020,2020,2020,Annual,Canada,256212256538.0,270025523613.0,-13813267075.0,526237780151.0,0.9488445873924232,0.5466152262770485,0.45496952444412675,1.2014326167118397
2020,2020,2020,Annual,Mexico,212512806763.0,323476917991.0,-110964111228.0,535989724754.0,0.6569643611137431,0.4533847737229515,0.5450304755558733,0.8318521514976702
2021,2021,2021,Annual,Canada,309604001291.0,357274663444.0,-47670662153.0,666878664735.0,0.8665713888203774,0.5276154148440595,0.48290539916935576,1.0925854541109072
2021,2021,2021,Annual,Mexico,277194626233.0,382569339250.0,-105374713017.0,659763965483.0,0.7245604856270509,0.4723845851559405,0.5170946008306442,0.9135361003520769
2022,2022,2022,Annual,Canada,359236512977.0,437429118612.0,-78192605635.0,796665631589.0,0.8212450833563348,0.5256271244359461,0.4917910453529275,1.0688017388741524
2022,2022,2022,Annual,Mexico,324207122780.0,452032214093.0,-127825091313.0,776239336873.0,0.7172212790863141,0.474372875564054,0.5082089546470725,0.9334209309505062
2023,2023,2023,Annual,Canada,354355997349.0,418618659183.0,-64262661834.0,772974656532.0,0.8464887782130431,0.5233448503837551,0.468340168897799,1.1174460042908667
2023,2023,2023,Annual,Mexico,322742472406.0,475215965697.0,-152473493291.0,797958438103.0,0.6791490515951691,0.4766551496162449,0.531659831102201,0.896541588684772
2024,2024,2024,Annual,Canada,348503416208.0,412695719877.0,-64192303669.0,761199136085.0,0.8444560954299892,0.5105942186412894,0.44929222575178357,1.1364412499836416
2024,2024,2024,Annual,Mexico,334041359045.0,505850598583.0,-171809239538.0,839891957628.0,0.6603557650830584,0.4894057813587106,0.5507077742482165,0.8886850780830349
2025 through March,2025,2025,Annual,Canada,86565186415.0,108930786233.0,-22365599818.0,195495972648.0,0.7946806353700543,0.5073842363625444,0.4534438220435315,1.118957215197949
2025 through March,2025,2025,Annual,Mexico,84045526751.0,131299162743.0,-47253635992.0,215344689494.0,0.6401071034665128,0.4926157636374557,0.5465561779564685,0.9013085635209689
April 2012,2012-04-01,2012,April,Canada,24495603566.0,27802767047.0,-3307163481.0,52298370613.0,0.881049124520257,0.5873654934037177,0.5498949643261885,1.0681412478898467
April 2012,2012-04-01,2012,April,Mexico,17208588868.0,22757374163.0,-5548785295.0,39965963031.0,0.756176382421946,0.4126345065962823,0.45010503567381155,0.9167515888342918
April 2013,2013-04-01,2013,April,Canada,26209760419.0,28527046617.0,-2317286198.0,54736807036.0,0.9187688010921162,0.5697236111472854,0.5393535252439542,1.0563083107496045
April 2013,2013-04-01,2013,April,Mexico,19794582575.0,24364137517.0,-4569554942.0,44158720092.0,0.8124474983441705,0.4302763888527146,0.46064647475604575,0.9340707297946546
April 2014,2014-04-01,2014,April,Canada,26608995575.0,29284285980.0,-2675290405.0,55893281555.0,0.9086441647637536,0.5721220202084302,0.5436895785958921,1.0522953588442259
April 2014,2014-04-01,2014,April,Mexico,19900305999.0,24577857296.0,-4677551297.0,44478163295.0,0.8096843333140655,0.42787797979156983,0.45631042140410794,0.9376905714205498
April 2015,2015-04-01,2015,April,Canada,24443781945.0,24763008848.0,-319226903.0,49206790793.0,0.9871087190995458,0.5494147492685092,0.5005889023139446,1.0975368145975066
April 2015,2015-04-01,2015,April,Mexico,20046800038.0,24704745498.0,-4657945460.0,44751545536.0,0.8114554363501907,0.45058525073149075,0.49941109768605546,0.9022331558493759
April 2016,2016-04-01,2016,April,Canada,23349632992.0,22220328435.0,1129304557.0,45569961427.0,1.050823036225747,0.5466787951688435,0.4707088162991946,1.1613948501473583
April 2016,2016-04-01,2016,April,Mexico,19362162670.0,24985773651.0,-5623610981.0,44347936321.0,0.7749274823525455,0.4533212048311564,0.5292911837008054,0.8564684596889245
April 2017,2017-04-01,2017,April,Canada,22772132198.0,24153678601.0,-1381546403.0,46925810799.0,0.942801822205964,0.5459946869207245,0.4912165033438709,1.111515356678696
April 2017,2017-04-01,2017,April,Mexico,18935475483.0,25017467801.0,-6081992318.0,43952943284.0,0.7568901710445335,0.4540053130792755,0.5087834966561291,0.8923349834716112
April 2018,2018-04-01,2018,April,Canada,25833656892.0,26533322153.0,-699665261.0,52366979045.0,0.9736306951325018,0.5341316780135733,0.4874907297185821,1.0956755594550813
April 2018,2018-04-01,2018,April,Mexico,22532051332.0,27895040348.0,-5362989016.0,50427091680.0,0.8077439950222366,0.46586832198642675,0.5125092702814179,0.9089949177516717
April 2019,2019-04-01,2019,April,Canada,25334444802.0,26731595686.0,-1397150884.0,52066040488.0,0.9477341008590923,0.5316423518829283,0.469299394062807,1.1328426130713858
April 2019,2019-04-01,2019,April,Mexico,22318727885.0,30229048253.0,-7910320368.0,52547776138.0,0.7383205616731595,0.46835764811707176,0.530700605937193,0.8825270649351785
April 2020,2020-04-01,2020,April,Canada,14735186911.0,14936992515.0,-201805604.0,29672179426.0,0.9864895424030411,0.5434065272282758,0.4864047853250066,1.1171899282717412
April 2020,2020-04-01,2020,April,Mexico,12381136086.0,15771982737.0,-3390846651.0,28153118823.0,0.7850082194773581,0.45659347277172424,0.5135952146749934,0.8890142659538987
April 2021,2021-04-01,2021,April,Canada,25339537299.0,27484178130.0,-2144640831.0,52823715429.0,0.9219681657986692,0.5311005472445905,0.46210518050974597,1.1493066289772733
April 2021,2021-04-01,2021,April,Mexico,22371837563.0,31991844406.0,-9620006843.0,54363681969.0,0.6992981485870259,0.46889945275540945,0.537894819490254,0.8717307469139984
April 2022,2022-04-01,2022,April,Canada,31110651772.0,38073738057.0,-6963086285.0,69184389829.0,0.8171157695476184,0.532724631348297,0.49710626172158906,1.0716514201679006
April 2022,2022-04-01,2022,April,Mexico,27288472168.0,38517005188.0,-11228533020.0,65805477356.0,0.7084785547268286,0.4672753686517031,0.5028937382784109,0.9291731693684585
April 2023,2023-04-01,2023,April,Canada,29268795258.0,33951379531.0,-4682584273.0,63220174789.0,0.862079705223039,0.540802920792172,0.47150519789361994,1.146971280927823
April 2023,2023-04-01,2023,April,Mexico,24852205448.0,38054994275.0,-13202788827.0,62907199723.0,0.653060286079888,0.45919707920782804,0.5284948021063801,0.8688771911807692
April 2024,2024-04-01,2024,April,Canada,30646968310.0,34883560333.0,-4236592023.0,65530528643.0,0.8785504695461901,0.5103879018081959,0.4475167416697215,1.140488956689971
April 2024,2024-04-01,2024,April,Mexico,29399455599.0,43065613597.0,-13666157998.0,72465069196.0,0.682666590429075,0.48961209819180407,0.5524832583302784,0.8862025967474845
August 2012,2012-08-01,2012,August,Canada,24835647615.0,27027583682.0,-2191936067.0,51863231297.0,0.9189000358748385,0.5637460766565259,0.5321293004492457,1.0594155897459283
August 2012,2012-08-01,2012,August,Mexico,19219022818.0,23763800403.0,-4544777585.0,42982823221.0,0.8087520721464124,0.4362539233434742,0.46787069955075433,0.9324241158131118
August 2013,2013-08-01,2013,August,Canada,25373202666.0,27775113006.0,-2401910340.0,53148315672.0,0.9135229318605783,0.5693613339755768,0.5365776553907534,1.0610977334882667
August 2013,2013-08-01,2013,August,Mexico,19191120817.0,23988341411.0,-4797220594.0,43179462228.0,0.8000186627408844,0.43063866602442324,0.4634223446092466,0.9292574495680258
August 2014,2014-08-01,2014,August,Canada,26448180167.0,29082373669.0,-2634193502.0,55530553836.0,0.9094230226190964,0.5639084638778572,0.5392479651582388,1.045731278211466
August 2014,2014-08-01,2014,August,Mexico,20453368331.0,24848981752.0,-4395613421.0,45302350083.0,0.8231068997164758,0.4360915361221428,0.46075203484176125,0.9464777215187172
August 2015,2015-08-01,2015,August,Canada,23023886585.0,24816653574.0,-1792766989.0,47840540159.0,0.9277595190804351,0.5402393703872665,0.501241023446068,1.077803581744132
August 2015,2015-08-01,2015,August,Mexico,19594048810.0,24693766390.0,-5099717580.0,44287815200.0,0.7934815815676792,0.4597606296127335,0.4987589765539319,0.9218092329672959
August 2016,2016-08-01,2016,August,Canada,23264916944.0,24216996580.0,-952079636.0,47481913524.0,0.9606854783641382,0.5373105430606115,0.4866570593120888,1.1040845556008654
August 2016,2016-08-01,2016,August,Mexico,20033911349.0,25544937654.0,-5511026305.0,45578849003.0,0.7842615088889424,0.4626894569393885,0.5133429406879112,0.9013262290494461
August 2017,2017-08-01,2017,August,Canada,24529877770.0,24905234086.0,-375356316.0,49435111856.0,0.984928617225445,0.5401053332699539,0.4805214044688233,1.1239984904876312
August 2017,2017-08-01,2017,August,Mexico,20886962722.0,26924369870.0,-6037407148.0,47811332592.0,0.7757642174301329,0.45989466673004603,0.5194785955311767,0.8853005122565156
August 2018,2018-08-01,2018,August,Canada,25607548893.0,27958942171.0,-2351393278.0,53566491064.0,0.9158983460955491,0.5315276392492386,0.47512981151854367,1.118699829737991
August 2018,2018-08-01,2018,August,Mexico,22569717917.0,30885907159.0,-8316189242.0,53455625076.0,0.7307448604572813,0.4684723607507613,0.5248701884814564,0.8925489978886701
August 2019,2019-08-01,2019,August,Canada,25309167694.0,26634182790.0,-1325015096.0,51943350484.0,0.9502513327911271,0.5352499416088935,0.46303070017370845,1.1559707410504132
August 2019,2019-08-01,2019,August,Mexico,21975597285.0,30887235941.0,-8911638656.0,52862833226.0,0.711478272998504,0.46475005839110656,0.5369692998262915,0.8655058278777805
August 2020,2020-08-01,2020,August,Canada,22923558711.0,23748921934.0,-825363223.0,46672480645.0,0.9652462867454049,0.5719715778278733,0.44553269647127525,1.283792597845285
August 2020,2020-08-01,2020,August,Mexico,17154584329.0,29555632641.0,-12401048312.0,46710216970.0,0.5804167529543223,0.42802842217212667,0.5544673035287248,0.7719633230815967
August 2021,2021-08-01,2021,August,Canada,25909208135.0,30951337590.0,-5042129455.0,56860545725.0,0.8370949416858465,0.5154228501770278,0.4920059357476172,1.0475947803227779
August 2021,2021-08-01,2021,August,Mexico,24358660521.0,31957126193.0,-7598465672.0,56315786714.0,0.7622293811367683,0.4845771498229722,0.5079940642523828,0.9539031731327936
August 2022,2022-08-01,2022,August,Canada,32261334269.0,38932124954.0,-6670790685.0,71193459223.0,0.8286558801277395,0.5191605106490367,0.49460835402256814,1.0496395914601722
August 2022,2022-08-01,2022,August,Mexico,29880014326.0,39780910597.0,-9900896271.0,69660924923.0,0.7511143882225095,0.48083948935096327,0.5053916459774319,0.9514195439875455
August 2023,2023-08-01,2023,August,Canada,31222800026.0,36295468428.0,-5072668402.0,67518268454.0,0.8602396215918043,0.5184353996153751,0.46535972226082917,1.1140530106402238
August 2023,2023-08-01,2023,August,Mexico,29002254145.0,41698966182.0,-12696712037.0,70701220327.0,0.6955149443853423,0.48156460038462484,0.5346402777391709,0.9007263770343178
August 2024,2024-08-01,2024,August,Canada,29919514126.0,33036375028.0,-3116860902.0,62955889154.0,0.9056536651082844,0.4991493467466125,0.4302474542672445,1.1601447999191883
August 2024,2024-08-01,2024,August,Mexico,30021492150.0,43748216491.0,-13726724341.0,73769708641.0,0.6862335097975045,0.5008506532533875,0.5697525457327556,0.8790669861935347
December 2012,2012-12-01,2012,December,Canada,22261079519.0,25847708699.0,-3586629180.0,48108788218.0,0.8612399566334187,0.5761672439199171,0.5603370939589849,1.028251119070284
December 2012,2012-12-01,2012,December,Mexico,16375409719.0,20281146552.0,-3905736833.0,36656556271.0,0.8074203140840259,0.42383275608008286,0.4396629060410151,0.9639948020553376
December 2013,2013-12-01,2013,December,Canada,23698915599.0,26987483595.0,-3288567996.0,50686399194.0,0.8781446968027328,0.5670128858784779,0.5494916630039873,1.0318862396905253
December 2013,2013-12-01,2013,December,Mexico,18097163801.0,22126061545.0,-4028897744.0,40223225346.0,0.8179116633203779,0.43298711412152213,0.45050833699601267,0.961107883171881
December 2014,2014-12-01,2014,December,Canada,24756651664.0,28829060260.0,-4072408596.0,53585711924.0,0.858739460833192,0.5678804770975917,0.5454592116883061,1.041105301604289
December 2014,2014-12-01,2014,December,Mexico,18838176231.0,24023764740.0,-5185588509.0,42861940971.0,0.7841475486826633,0.4321195229024083,0.45454078831169387,0.9506727097197039
December 2015,2015-12-01,2015,December,Canada,21834298211.0,23613033939.0,-1778735728.0,45447332150.0,0.9246714449064427,0.540484775351181,0.504886621272577,1.0705072239562976
December 2015,2015-12-01,2015,December,Mexico,18563321124.0,23155949322.0,-4592628198.0,41719270446.0,0.8016653027636126,0.459515224648819,0.495113378727423,0.9281010055310946
December 2016,2016-12-01,2016,December,Canada,21104399836.0,23153172188.0,-2048772352.0,44257572024.0,0.9115122396462869,0.52531224661837,0.4966668031011862,1.0576753737884668
December 2016,2016-12-01,2016,December,Mexico,19070562716.0,23463940217.0,-4393377501.0,42534502933.0,0.8127604545370889,0.4746877533816301,0.5033331968988138,0.9430885073870016
December 2017,2017-12-01,2017,December,Canada,23304299082.0,25255844168.0,-1951545086.0,48560143250.0,0.9227289702526486,0.5424558858721379,0.5020200521433794,1.0805462521987266
December 2017,2017-12-01,2017,December,Mexico,19656427659.0,25052592836.0,-5396165177.0,44709020495.0,0.7846065190806983,0.45754411412786206,0.49797994785662053,0.918800277194292
December 2018,2018-12-01,2018,December,Canada,22314450507.0,23929004397.0,-1614553890.0,46243454904.0,0.9325273269537943,0.5333032790140987,0.4704477233287879,1.1336079495518827
December 2018,2018-12-01,2018,December,Mexico,19527502065.0,26935317419.0,-7407815354.0,46462819484.0,0.7249776106675998,0.4666967209859013,0.5295522766712121,0.8813043424524138
December 2019,2019-12-01,2019,December,Canada,22339997232.0,27283700321.0,-4943703089.0,49623697553.0,0.8188037901444446,0.5407968755853162,0.49802317601173685,1.0858869659764012
December 2019,2019-12-01,2019,December,Mexico,18969407908.0,27500296961.0,-8530889053.0,46469704869.0,0.68978920245486,0.45920312441468386,0.5019768239882632,0.9147894932006275
December 2020,2020-12-01,2020,December,Canada,23055945118.0,24632320835.0,-1576375717.0,47688265953.0,0.9360037680753114,0.5419721401788943,0.45621175552242654,1.1879837238263622
December 2020,2020-12-01,2020,December,Mexico,19484885690.0,29360853468.0,-9875967778.0,48845739158.0,0.6636348535043886,0.4580278598211057,0.5437882444775735,0.8422908447775307
December 2021,2021-12-01,2021,December,Canada,27738326603.0,32766954323.0,-5028627720.0,60505280926.0,0.8465335633446325,0.5378555048008644,0.49833351233840645,1.0793083175903682
December 2021,2021-12-01,2021,December,Mexico,23833752432.0,32986107656.0,-9152355224.0,56819860088.0,0.7225390967783605,0.46214449519913564,0.5016664876615936,0.9212185915653228
December 2022,2022-12-01,2022,December,Canada,28099256202.0,34036893732.0,-5937637530.0,62136149934.0,0.8255528963144574,0.533617535196928,0.48726833917201356,1.095120475308683
December 2022,2022-12-01,2022,December,Mexico,24558788837.0,35815569471.0,-11256780634.0,60374358308.0,0.6857014756357662,0.46638246480307205,0.5127316608279865,0.9096034055122181
December 2023,2023-12-01,2023,December,Canada,27869231196.0,33274395929.0,-5405164733.0,61143627125.0,0.8375578404328243,0.5390010306711391,0.47610181303406474,1.1321129554962943
December 2023,2023-12-01,2023,December,Mexico,23836108145.0,36614848384.0,-12778740239.0,60450956529.0,0.6509956806325581,0.4609989693288608,0.5238981869659353,0.8799399974996205
December 2024,2024-12-01,2024,December,Canada,26989036387.0,35457098576.0,-8468062189.0,62446134963.0,0.7611744184073816,0.5229459718911544,0.47477444563954097,1.1014619187996195
December 2024,2024-12-01,2024,December,Mexico,24620571178.0,39224887579.0,-14604316401.0,63845458757.0,0.6276772910671444,0.47705402810884556,0.525225554360459,0.9082841155543745
February 2012,2012-02-01,2012,February,Canada,23510000548.0,26230561403.0,-2720560855.0,49740561951.0,0.8962827820113355,0.5812695928998839,0.5369855564735215,1.0824678352937152
February 2012,2012-02-01,2012,February,Mexico,16935948862.0,22617235501.0,-5681286639.0,39553184363.0,0.7488072033052489,0.4187304071001161,0.4630144435264785,0.904357116618048
February 2013,2013-02-01,2013,February,Canada,23199318297.0,25848367646.0,-2649049349.0,49047685943.0,0.8975157973114818,0.5671855441780587,0.5394226122045666,1.0514678683194754
February 2013,2013-02-01,2013,February,Mexico,17703202113.0,22070216153.0,-4367014040.0,39773418266.0,0.8021308894427663,0.4328144558219414,0.4605773877954335,0.9397214611286495
February 2014,2014-02-01,2014,February,Canada,23421917212.0,26082942730.0,-2661025518.0,49504859942.0,0.8979783245492714,0.5591324186152435,0.5374804735045953,1.0402841520352704
February 2014,2014-02-01,2014,February,Mexico,18467832751.0,22445225298.0,-3977392547.0,40913058049.0,0.822795606005594,0.4408675813847564,0.46251952649540473,0.953186959965325
February 2015,2015-02-01,2015,February,Canada,21845640058.0,23265839330.0,-1420199272.0,45111479388.0,0.9389577460818819,0.546065780574738,0.5060828840674078,1.0790046408722345
February 2015,2015-02-01,2015,February,Mexico,18159869965.0,22706549902.0,-4546679937.0,40866419867.0,0.7997635062736005,0.453934219425262,0.49391711593259224,0.9190493805183562
February 2016,2016-02-01,2016,February,Canada,20904437760.0,21813045546.0,-908607786.0,42717483306.0,0.9583456705262041,0.5355258918352305,0.48543777636886815,1.1031813301408624
February 2016,2016-02-01,2016,February,Mexico,18130906896.0,23121746528.0,-4990839632.0,41252653424.0,0.7841495396571281,0.4644741081647695,0.5145622236311319,0.9026587783438441
February 2017,2017-02-01,2017,February,Canada,21143655460.0,23384615178.0,-2240959718.0,44528270638.0,0.904169484896708,0.5369888716911027,0.4955261024210036,1.0836742384861735
February 2017,2017-02-01,2017,February,Mexico,18230820576.0,23806874965.0,-5576054389.0,42037695541.0,0.7657796583046825,0.46301112830889735,0.5044738975789964,0.9178098818014537
February 2018,2018-02-01,2018,February,Canada,23675304817.0,23997422647.0,-322117830.0,47672727464.0,0.9865769822560395,0.5375331363294539,0.48212219423011304,1.1149313239723904
February 2018,2018-02-01,2018,February,Mexico,20369058622.0,25777142669.0,-5408084047.0,46146201291.0,0.7901984670510496,0.4624668636705461,0.517877805769887,0.8930038293165202
February 2019,2019-02-01,2019,February,Canada,23191331441.0,22814826424.0,376505017.0,46006157865.0,1.0165026465686338,0.533680540498135,0.45357463449168195,1.176610198002424
February 2019,2019-02-01,2019,February,Mexico,20264124925.0,27485222761.0,-7221097836.0,47749347686.0,0.7372734469430484,0.46631945950186504,0.546425365508318,0.8534000962200325
February 2020,2020-02-01,2020,February,Canada,23284052771.0,24339034042.0,-1054981271.0,47623086813.0,0.9566547600377443,0.5466414113015841,0.4571376966674997,1.195791585963179
February 2020,2020-02-01,2020,February,Mexico,19310694516.0,28903203952.0,-9592509436.0,48213898468.0,0.6681160520497855,0.4533585886984159,0.5428623033325003,0.8351263035126169
February 2021,2021-02-01,2021,February,Canada,22375658729.0,25215553563.0,-2839894834.0,47591212292.0,0.8873752730867224,0.5108381763795808,0.4810536939964421,1.0619150892194562
February 2021,2021-02-01,2021,February,Mexico,21426194311.0,27201783374.0,-5775589063.0,48627977685.0,0.7876760878656058,0.48916182362041916,0.5189463060035578,0.9426058495097285
February 2022,2022-02-01,2022,February,Canada,25627989202.0,31010799697.0,-5382810495.0,56638788899.0,0.8264214226142406,0.5202648090511722,0.48821789446689023,1.0656405980761432
February 2022,2022-02-01,2022,February,Mexico,23631520102.0,32507559725.0,-8876039623.0,56139079827.0,0.7269546007732514,0.4797351909488278,0.5117821055331098,0.9373817211703807
February 2023,2023-02-01,2023,February,Canada,27035465305.0,31611384436.0,-4575919131.0,58646849741.0,0.8552445831575537,0.5209243191290894,0.4697781678300059,1.1088729847437084
February 2023,2023-02-01,2023,February,Mexico,24863561698.0,35678640092.0,-10815078394.0,60542201790.0,0.6968752630113557,0.4790756808709106,0.5302218321699941,0.9035382019450955
February 2024,2024-02-01,2024,February,Canada,28493820962.0,33395174825.0,-4901353863.0,61888995787.0,0.8532316752739144,0.5154825561192797,0.4534938452910748,1.136691404904112
February 2024,2024-02-01,2024,February,Mexico,26782192986.0,40244578331.0,-13462385345.0,67026771317.0,0.6654857398610123,0.48451744388072027,0.5465061547089252,0.8865727123215644
February 2025,2025-02-01,2025,February,Canada,28317924380.0,34924705129.0,-6606780749.0,63242629509.0,0.8108278731460496,0.5142028050235873,0.4561537857680995,1.1272575632749409
February 2025,2025-02-01,2025,February,Mexico,26753584572.0,41638739522.0,-14885154950.0,68392324094.0,0.6425166774768634,0.48579719497641266,0.5438462142319005,0.8932620697976666
January 2012,2012-01-01,2012,January,Canada,22078483818.0,26786985510.0,-4708501692.0,48865469328.0,0.824224278978975,0.5648155789543039,0.554701221486291,1.0182338835326739
January 2012,2012-01-01,2012,January,Mexico,17011237926.0,21503850119.0,-4492612193.0,38515088045.0,0.7910787059927238,0.43518442104569616,0.445298778513709,0.9772863570347712
January 2013,2013-01-01,2013,January,Canada,23170845914.0,28055006070.0,-4884160156.0,51225851984.0,0.8259077134464509,0.5641340269865696,0.5655031614409304,0.9975789092834209
January 2013,2013-01-01,2013,January,Mexico,17902453702.0,21555691063.0,-3653237361.0,39458144765.0,0.8305209816598864,0.43586597301343044,0.4344968385590696,1.003151080359759
January 2014,2014-01-01,2014,January,Canada,22576190841.0,27705334454.0,-5129143613.0,50281525295.0,0.8148680131793365,0.5408299205589296,0.5571513161358574,0.9707056321967874
January 2014,2014-01-01,2014,January,Mexico,19167414649.0,22021433933.0,-2854019284.0,41188848582.0,0.870398117911698,0.45917007944107036,0.44284868386414256,1.0368554681804922
January 2015,2015-01-01,2015,January,Canada,22474316101.0,25843788846.0,-3369472745.0,48318104947.0,0.8696215649695066,0.5400508890157886,0.537238458048971,1.005234976991467
January 2015,2015-01-01,2015,January,Mexico,19140866020.0,22261086110.0,-3120220090.0,41401952130.0,0.8598352266110524,0.45994911098421143,0.46276154195102903,0.9939225049796484
January 2016,2016-01-01,2016,January,Canada,19700273865.0,22268349212.0,-2568075347.0,41968623077.0,0.8846759891112129,0.521920526596303,0.4992223689956562,1.0454670283431236
January 2016,2016-01-01,2016,January,Mexico,18045461091.0,22337723342.0,-4292262251.0,40383184433.0,0.8078469240001029,0.47807947340369705,0.5007776310043438,0.9546741783271668
January 2017,2017-01-01,2017,January,Canada,20911901914.0,24390145396.0,-3478243482.0,45302047310.0,0.8573914412756869,0.5155073179788277,0.5097346986978717,1.0113247524559388
January 2017,2017-01-01,2017,January,Mexico,19653772296.0,23458559937.0,-3804787641.0,43112332233.0,0.8378081326723342,0.4844926820211723,0.49026530130212836,0.9882255193960817
January 2018,2018-01-01,2018,January,Canada,22640517513.0,26184355367.0,-3543837854.0,48824872880.0,0.8646581974492189,0.5136829937224706,0.5038110451104758,1.0195945458278513
January 2018,2018-01-01,2018,January,Mexico,21434364836.0,25788215741.0,-4353850905.0,47222580577.0,0.8311689746693902,0.48631700627752933,0.4961889548895242,0.980104457153439
January 2019,2019-01-01,2019,January,Canada,22683004020.0,23348268866.0,-665264846.0,46031272886.0,0.971506887734672,0.5076862558705345,0.4586521725370063,1.106909083330619
January 2019,2019-01-01,2019,January,Mexico,21996172849.0,27557995759.0,-5561822910.0,49554168608.0,0.7981775250043865,0.4923137441294655,0.5413478274629937,0.9094222220059058
January 2020,2020-01-01,2020,January,Canada,22614436107.0,25286848208.0,-2672412101.0,47901284315.0,0.894316125164443,0.52041640895439,0.47274741899415934,1.100833950741928
January 2020,2020-01-01,2020,January,Mexico,20840066322.0,28202281911.0,-7362215589.0,49042348233.0,0.7389496491016762,0.47958359104560994,0.5272525810058407,0.9095898404721081
January 2021,2021-01-01,2021,January,Canada,21591410363.0,24721034157.0,-3129623794.0,46312444520.0,0.8734023919013996,0.5245204412242631,0.4603760111665226,1.1393305222294452
January 2021,2021-01-01,2021,January,Mexico,19572686717.0,28976451284.0,-9403764567.0,48549138001.0,0.675468728905651,0.4754795587757369,0.5396239888334774,0.881131248081829
January 2022,2022-01-01,2022,January,Canada,24863931878.0,31594641780.0,-6730709902.0,56458573658.0,0.7869667284450534,0.5112338319900752,0.48794616659437623,1.0477258906617413
January 2022,2022-01-01,2022,January,Mexico,23771213768.0,33155619505.0,-9384405737.0,56926833273.0,0.7169588179287437,0.48876616800992484,0.5120538334056237,0.9545210603330225
January 2023,2023-01-01,2023,January,Canada,27562867025.0,34911122155.0,-7348255130.0,62473989180.0,0.7895153556687499,0.5041928065720052,0.48618312490377236,1.037043000354645
January 2023,2023-01-01,2023,January,Mexico,27104448069.0,36895405811.0,-9790957742.0,63999853880.0,0.7346293521704287,0.49580719342799484,0.5138168750962276,0.9649492211308554
January 2024,2024-01-01,2024,January,Canada,26344107286.0,33309127319.0,-6965020033.0,59653234605.0,0.7908975529050546,0.4986997084648966,0.46683183286074165,1.0682641443041039
January 2024,2024-01-01,2024,January,Mexico,26481484626.0,38042320835.0,-11560836209.0,64523805461.0,0.6961059169038997,0.5013002915351034,0.5331681671392584,0.9402292230326806
January 2025,2025-01-01,2025,January,Canada,26457047648.0,38338463539.0,-11881415891.0,64795511187.0,0.6900914957399488,0.48646297386005577,0.47912865026189305,1.0153076289513343
January 2025,2025-01-01,2025,January,Mexico,27929512213.0,41678591417.0,-13749079204.0,69608103630.0,0.6701165097822385,0.5135370261399442,0.520871349738107,0.9859191264755675
July 2012,2012-07-01,2012,July,Canada,22774697237.0,24973683714.0,-2198986477.0,47748380951.0,0.91194785270035,0.5649245416866473,0.5257621154354246,1.0744869687287932
July 2012,2012-07-01,2012,July,Mexico,17539885608.0,22526284391.0,-4986398783.0,40066169999.0,0.7786408669779454,0.43507545831335265,0.47423788456457533,0.9174202915332673
July 2013,2013-07-01,2013,July,Canada,23604522379.0,26192314683.0,-2587792304.0,49796837062.0,0.9012003201962294,0.5465737223434051,0.5266033662800674,1.037922955571683
July 2013,2013-07-01,2013,July,Mexico,19581824520.0,23545906453.0,-3964081933.0,43127730973.0,0.8316445391086257,0.4534262776565949,0.47339663371993257,0.9578147484775897
July 2014,2014-07-01,2014,July,Canada,26230066297.0,29285944360.0,-3055878063.0,55516010657.0,0.8956537639546345,0.5573407414931845,0.5364220710606189,1.0389966624438196
July 2014,2014-07-01,2014,July,Mexico,20832824219.0,25309020948.0,-4476196729.0,46141845167.0,0.8231382897743532,0.44265925850681553,0.4635779289393811,0.9548756117867273
July 2015,2015-07-01,2015,July,Canada,22869902670.0,24717914452.0,-1848011782.0,47587817122.0,0.9252359342213651,0.5194695367028098,0.4991227004040856,1.0407651991829898
July 2015,2015-07-01,2015,July,Mexico,21155590750.0,24804806979.0,-3649216229.0,45960397729.0,0.8528827000311083,0.48053046329719024,0.5008772995959144,0.9593776034267492
July 2016,2016-07-01,2016,July,Canada,20897796066.0,21608554179.0,-710758113.0,42506350245.0,0.9671075580942504,0.5324926829520672,0.4850062922728415,1.0979088136293955
July 2016,2016-07-01,2016,July,Mexico,18347430648.0,22944587756.0,-4597157108.0,41292018404.0,0.7996408932299145,0.4675073170479328,0.5149937077271586,0.9077922895625283
July 2017,2017-07-01,2017,July,Canada,21812269408.0,22800971236.0,-988701828.0,44613240644.0,0.9566377318857822,0.5235631746963256,0.481890011443535,1.0864785786448568
July 2017,2017-07-01,2017,July,Mexico,19848929206.0,24514745410.0,-4665816204.0,44363674616.0,0.8096730712081256,0.47643682530367437,0.518109988556465,0.9195669564894927
July 2018,2018-07-01,2018,July,Canada,23707541297.0,26834570371.0,-3127029074.0,50542111668.0,0.883470127124548,0.5084803806836261,0.4893777884856475,1.0390344487376317
July 2018,2018-07-01,2018,July,Mexico,22916757688.0,27999488310.0,-5082730622.0,50916245998.0,0.8184705889719882,0.49151961931637395,0.5106222115143525,0.9625895784256505
July 2019,2019-07-01,2019,July,Canada,23465449013.0,26760527218.0,-3295078205.0,50225976231.0,0.8768679638425202,0.5133133528460763,0.47185013796074504,1.0878736945262495
July 2019,2019-07-01,2019,July,Mexico,22248243964.0,29953511976.0,-7705268012.0,52201755940.0,0.7427591122478799,0.48668664715392373,0.528149862039255,0.921493466408878
July 2020,2020-07-01,2020,July,Canada,21320478514.0,22329745268.0,-1009266754.0,43650223782.0,0.9548016897691016,0.5327581954972722,0.43606025799249604,1.2217536125625101
July 2020,2020-07-01,2020,July,Mexico,18698574584.0,28878189550.0,-10179614966.0,47576764134.0,0.6474981595236464,0.46724180450272784,0.563939742007504,0.8285314364251891
July 2021,2021-07-01,2021,July,Canada,25903684932.0,29809808476.0,-3906123544.0,55713493408.0,0.8689651579900342,0.5196324032427817,0.48370643377257994,1.0742722588781872
July 2021,2021-07-01,2021,July,Mexico,23946333601.0,31818084797.0,-7871751196.0,55764418398.0,0.7526013508914214,0.48036759675721824,0.5162935662274201,0.9304156165789272
July 2022,2022-07-01,2022,July,Canada,29801486714.0,37901809996.0,-8100323282.0,67703296710.0,0.7862813601024627,0.5222566292185543,0.5014173879991721,1.0415606672567497
July 2022,2022-07-01,2022,July,Mexico,27261430340.0,37687531146.0,-10426100806.0,64948961486.0,0.7233541044222371,0.47774337078144563,0.4985826120008279,0.9582030325210226
July 2023,2023-07-01,2023,July,Canada,28752856644.0,33069511867.0,-4316655223.0,61822368511.0,0.8694672228498304,0.5218216189055731,0.4594875458588487,1.13565998384181
July 2023,2023-07-01,2023,July,Mexico,26348073640.0,38900908583.0,-12552834943.0,65248982223.0,0.6773125512938357,0.4781783810944269,0.5405124541411512,0.8846759726456808
July 2024,2024-07-01,2024,July,Canada,27700375563.0,35798948016.0,-8098572453.0,63499323579.0,0.7737762447829355,0.4909982760580204,0.4604992272724338,1.0662304016582924
July 2024,2024-07-01,2024,July,Mexico,28716066029.0,41940483227.0,-13224417198.0,70656549256.0,0.6846861032472195,0.5090017239419796,0.5395007727275661,0.9434680164934857
June 2012,2012-06-01,2012,June,Canada,25857643716.0,27330870113.0,-1473226397.0,53188513829.0,0.9460966156251551,0.5967103857064479,0.5375353921112557,1.1100857626560607
June 2012,2012-06-01,2012,June,Mexico,17476014178.0,23513912415.0,-6037898237.0,40989926593.0,0.7432201783167185,0.40328961429355215,0.4624646078887444,0.8720442762845367
June 2013,2013-06-01,2013,June,Canada,25393740866.0,27099136961.0,-1705396095.0,52492877827.0,0.9370682506437626,0.5853782617044497,0.5416929124291623,1.0806459679883669
June 2013,2013-06-01,2013,June,Mexico,17986313583.0,22927614985.0,-4941301402.0,40913928568.0,0.7844825375324576,0.41462173829555027,0.45830708757083777,0.9046810523772768
June 2014,2014-06-01,2014,June,Canada,27602622669.0,30160768175.0,-2558145506.0,57763390844.0,0.9151830122111935,0.5780110404143318,0.545449514335389,1.0596966817701137
June 2014,2014-06-01,2014,June,Mexico,20151867711.0,25134483507.0,-4982615796.0,45286351218.0,0.8017617591142332,0.4219889595856682,0.45455048566461104,0.928365435510791
June 2015,2015-06-01,2015,June,Canada,24798342487.0,27352211130.0,-2553868643.0,52150553617.0,0.906630267262053,0.5471872051354035,0.5039891447050896,1.085712283457199
June 2015,2015-06-01,2015,June,Mexico,20521325543.0,26919217962.0,-6397892419.0,47440543505.0,0.7623299299395895,0.45281279486459647,0.49601085529491035,0.9129090422736215
June 2016,2016-06-01,2016,June,Canada,24254138346.0,24231136914.0,23001432.0,48485275260.0,1.0009492510434668,0.5548826841018091,0.49410198717049286,1.1230124519016425
June 2016,2016-06-01,2016,June,Mexico,19456251329.0,24809622976.0,-5353371647.0,44265874305.0,0.784221966928773,0.445117315898191,0.5058980128295072,0.8798558298512236
June 2017,2017-06-01,2017,June,Canada,25171806517.0,25891007587.0,-719201070.0,51062814104.0,0.9722219744603098,0.5404647508660935,0.4880973496984307,1.107288845555129
June 2017,2017-06-01,2017,June,Mexico,21402565774.0,27153754084.0,-5751188310.0,48556319858.0,0.7881991457899807,0.4595352491339066,0.5119026503015693,0.8977004687574632
June 2018,2018-06-01,2018,June,Canada,26349220238.0,28040367902.0,-1691147664.0,54389588140.0,0.9396888204209554,0.5422527450861631,0.4885910520723262,1.1098294632827073
June 2018,2018-06-01,2018,June,Mexico,22242917795.0,29349892896.0,-7106975101.0,51592810691.0,0.7578534570404314,0.4577472549138369,0.5114089479276738,0.8950708758005032
June 2019,2019-06-01,2019,June,Canada,24886525674.0,27644321902.0,-2757796228.0,52530847576.0,0.9002400479282336,0.5456098679907643,0.4779638798365636,1.1415294983740858
June 2019,2019-06-01,2019,June,Mexico,20725782926.0,30193358032.0,-9467575106.0,50919140958.0,0.6864351723989784,0.4543901320092358,0.5220361201634365,0.8704189508323247
June 2020,2020-06-01,2020,June,Canada,20165645394.0,20315178877.0,-149533483.0,40480824271.0,0.9926393223556945,0.5609401688380973,0.441756692312028,1.2697943881784723
June 2020,2020-06-01,2020,June,Mexico,15784080645.0,25672078884.0,-9887998239.0,41456159529.0,0.6148345335148278,0.4390598311619028,0.5582433076879719,0.7865026326608714
June 2021,2021-06-01,2021,June,Canada,26849917717.0,32160938378.0,-5311020661.0,59010856095.0,0.834861141221145,0.5261481406941532,0.4952594596346622,1.0623686846532454
June 2021,2021-06-01,2021,June,Mexico,24181181018.0,32776616579.0,-8595435561.0,56957797597.0,0.7377570823918689,0.4738518593058469,0.5047405403653378,0.9388028529724732
June 2022,2022-06-01,2022,June,Canada,33212478730.0,41005037615.0,-7792558885.0,74217516345.0,0.8099609380153473,0.5333905594181845,0.5117454534289368,1.0422966258795563
June 2022,2022-06-01,2022,June,Mexico,29054237738.0,39122762916.0,-10068525178.0,68177000654.0,0.7426427883015827,0.4666094405818155,0.48825454657106315,0.9556683984998032
June 2023,2023-06-01,2023,June,Canada,31554291294.0,34914005638.0,-3359714344.0,66468296932.0,0.9037717304959324,0.5369442791771081,0.4599843748213045,1.167309823047144
June 2023,2023-06-01,2023,June,Mexico,27212125479.0,40988584861.0,-13776459382.0,68200710340.0,0.663895217931564,0.4630557208228919,0.5400156251786955,0.8574857823228043
June 2024,2024-06-01,2024,June,Canada,29906105810.0,34393224478.0,-4487118668.0,64299330288.0,0.8695348070411301,0.51928245439685,0.4487761473140189,1.15710796463854
June 2024,2024-06-01,2024,June,Mexico,27685105980.0,42244593026.0,-14559487046.0,69929699006.0,0.6553526498162932,0.4807175456031501,0.5512238526859811,0.872091335055131
March 2012,2012-03-01,2012,March,Canada,26418441638.0,29184998618.0,-2766556980.0,55603440256.0,0.9052061980125052,0.5815787856821714,0.5374772585446772,1.0820528244430425
March 2012,2012-03-01,2012,March,Mexico,19006945753.0,25114970644.0,-6108024891.0,44121916397.0,0.7567974505094947,0.4184212143178286,0.4625227414553228,0.9046500351556137
March 2013,2013-03-01,2013,March,Canada,26039808564.0,28342376865.0,-2302568301.0,54382185429.0,0.918758814337712,0.5900362561942396,0.5503945140637305,1.0720242319237923
March 2013,2013-03-01,2013,March,Mexico,18092748191.0,23152280405.0,-5059532214.0,41245028596.0,0.7814672194058545,0.4099637438057604,0.4496054859362694,0.911829941202879
March 2014,2014-03-01,2014,March,Canada,27112963518.0,30056911353.0,-2943947835.0,57169874871.0,0.9020542130751514,0.5753017618702823,0.5464830771177842,1.0527348164274202
March 2014,2014-03-01,2014,March,Mexico,20015283456.0,24943714671.0,-4928431215.0,44958998127.0,0.8024179124879952,0.4246982381297177,0.4535169228822158,0.9364551060865646
March 2015,2015-03-01,2015,March,Canada,25505978190.0,25778359222.0,-272381032.0,51284337412.0,0.9894337327812726,0.561859056387324,0.5012315475902563,1.1209570887717328
March 2015,2015-03-01,2015,March,Mexico,19889709394.0,25651682135.0,-5761972741.0,45541391529.0,0.7753764173953265,0.438140943612676,0.4987684524097436,0.8784455823054714
March 2016,2016-03-01,2016,March,Canada,23252724610.0,23179425295.0,73299315.0,46432149905.0,1.0031622576516517,0.5465150964566338,0.4842005664106135,1.1286956983713565
March 2016,2016-03-01,2016,March,Mexico,19294544003.0,24692111632.0,-5397567629.0,43986655635.0,0.7814051827789015,0.4534849035433663,0.5157994335893865,0.8791884480904121
March 2017,2017-03-01,2017,March,Canada,25001725984.0,25997909759.0,-996183775.0,50999635743.0,0.961682158902981,0.5430396095149316,0.4821701576243252,1.1262406039198134
March 2017,2017-03-01,2017,March,Mexico,21038609833.0,27920627811.0,-6882017978.0,48959237644.0,0.7535149272220639,0.45696039048506837,0.5178298423756748,0.8824527925788277
March 2018,2018-03-01,2018,March,Canada,27266553880.0,26954207703.0,312346177.0,54220761583.0,1.0115880303528728,0.5539225817906392,0.4753128908015555,1.1653851442078889
March 2018,2018-03-01,2018,March,Mexico,21957931231.0,29754137946.0,-7796206715.0,51712069177.0,0.7379790760818166,0.44607741820936075,0.5246871091984445,0.8501779639504115
March 2019,2019-03-01,2019,March,Canada,26448467080.0,27549187939.0,-1100720859.0,53997655019.0,0.9600452520982745,0.5486507897090838,0.46963425647504464,1.168251212820626
March 2019,2019-03-01,2019,March,Mexico,21757910412.0,31111754186.0,-9353843774.0,52869664598.0,0.6993469504137075,0.45134921029091624,0.5303657435249554,0.8510150133210458
March 2020,2020-03-01,2020,March,Canada,23657292468.0,25080381294.0,-1423088826.0,48737673762.0,0.9432588839332978,0.5447065146359834,0.4563184508287987,1.193698202749961
March 2020,2020-03-01,2020,March,Mexico,19773971584.0,29882071459.0,-10108099875.0,49656043043.0,0.6617336288460148,0.45529348536401654,0.5436815491712014,0.8374267731874931
March 2021,2021-03-01,2021,March,Canada,28282656386.0,29809929563.0,-1527273177.0,58092585949.0,0.94876629366828,0.5479460602511791,0.4722453427806184,1.1602995532466849
March 2021,2021-03-01,2021,March,Mexico,23333111000.0,33313889483.0,-9980778483.0,56647000483.0,0.7004018852829188,0.4520539397488209,0.5277546572193815,0.8565607779391083
March 2022,2022-03-01,2022,March,Canada,32811885744.0,40049085962.0,-7237200218.0,72860971706.0,0.8192917505066929,0.5349024264829815,0.5002208680914544,1.06933249011352
March 2022,2022-03-01,2022,March,Mexico,28529929360.0,40013719324.0,-11483789964.0,68543648684.0,0.7130036857855379,0.4650975735170186,0.49977913190854567,0.9306062294776376
March 2023,2023-03-01,2023,March,Canada,32063332460.0,36473235088.0,-4409902628.0,68536567548.0,0.8790920899295029,0.524113267397046,0.4601334801012256,1.1390461465263195
March 2023,2023-03-01,2023,March,Mexico,29113009477.0,42793405279.0,-13680395802.0,71906414756.0,0.6803153263263819,0.475886732602954,0.5398665198987744,0.8814896183823054
March 2024,2024-03-01,2024,March,Canada,30858543308.0,34218094789.0,-3359551481.0,65076638097.0,0.9018194466490289,0.5342608187577571,0.45153917406588095,1.1831992647437646
March 2024,2024-03-01,2024,March,Mexico,26900779900.0,41562915485.0,-14662135585.0,68463695385.0,0.6472303395008094,0.46573918124224295,0.548460825934119,0.8491749259375316
March 2025,2025-03-01,2025,March,Canada,31790214387.0,35667617565.0,-3877403178.0,67457831952.0,0.8912906596316983,0.5198501998293463,0.4263939312697761,1.2191782333328782
March 2025,2025-03-01,2025,March,Mexico,29362429966.0,47981831804.0,-18619401838.0,77344261770.0,0.6119489161218769,0.4801498001706536,0.5736060687302239,0.8370723852931824
May 2012,2012-05-01,2012,May,Canada,25912565173.0,27612779609.0,-1700214436.0,53525344782.0,0.9384265379988823,0.5844128892702316,0.5266822183313752,1.1096119613108597
May 2012,2012-05-01,2012,May,Mexico,18426917492.0,24815000650.0,-6388083158.0,43241918142.0,0.742571711034793,0.4155871107297684,0.4733177816686248,0.8780297863829796
May 2013,2013-05-01,2013,May,Canada,26473354644.0,28505949667.0,-2032595023.0,54979304311.0,0.9286957618762289,0.5792914562854504,0.5379475715020078,1.0768548590488216
May 2013,2013-05-01,2013,May,Mexico,19226188059.0,24484250823.0,-5258062764.0,43710438882.0,0.7852471451133525,0.4207085437145496,0.4620524284979923,0.9105212260915054
May 2014,2014-05-01,2014,May,Canada,27370160527.0,30211782657.0,-2841622130.0,57581943184.0,0.905943248623841,0.5651579447257609,0.5428284782482167,1.0411353998036443
May 2014,2014-05-01,2014,May,Mexico,21059063166.0,25444440013.0,-4385376847.0,46503503179.0,0.8276489148607933,0.4348420552742392,0.4571715217517833,0.9511573547013987
May 2015,2015-05-01,2015,May,Canada,24781857753.0,24283240488.0,498617265.0,49065098241.0,1.0205333907246192,0.5572038659577346,0.4979569496237489,1.1189799969229308
May 2015,2015-05-01,2015,May,Mexico,19693529564.0,24482502226.0,-4788972662.0,44176031790.0,0.8043920258724947,0.44279613404226537,0.5020430503762511,0.8819883747228774
May 2016,2016-05-01,2016,May,Canada,23075089765.0,23021956439.0,53133326.0,46097046204.0,1.0023079413837301,0.5485375403688229,0.48180204935372056,1.1385122605946154
May 2016,2016-05-01,2016,May,Mexico,18991474630.0,24761062479.0,-5769587849.0,43752537109.0,0.766989487874633,0.4514624596311771,0.5181979506462794,0.871216219724775
May 2017,2017-05-01,2017,May,Canada,24911843649.0,26288561062.0,-1376717413.0,51200404711.0,0.9476305527049163,0.5558008444287036,0.49302320684659856,1.1273320134028457
May 2017,2017-05-01,2017,May,Mexico,19909685319.0,27032582237.0,-7122896918.0,46942267556.0,0.7365069731203571,0.4441991555712964,0.5069767931534014,0.8761725616834898
May 2018,2018-05-01,2018,May,Canada,27066361975.0,28163890566.0,-1097528591.0,55230252541.0,0.9610306470823687,0.5401505687707138,0.490890421575234,1.100348560555342
May 2018,2018-05-01,2018,May,Mexico,23042558648.0,29209179529.0,-6166620881.0,52251738177.0,0.7888807224154468,0.45984943122928623,0.509109578424766,0.903242544860587
May 2019,2019-05-01,2019,May,Canada,26157822755.0,29196405509.0,-3038582754.0,55354228264.0,0.8959261353914496,0.535572953557482,0.47781437414297373,1.1208807908261578
May 2019,2019-05-01,2019,May,Mexico,22682998241.0,31907669816.0,-9224671575.0,54590668057.0,0.7108948529242233,0.464427046442518,0.5221856258570262,0.8893907136572111
May 2020,2020-05-01,2020,May,Canada,14841788172.0,15842688055.0,-1000899883.0,30684476227.0,0.9368225973063887,0.5873307531463893,0.5160472096241634,1.1381337641068567
May 2020,2020-05-01,2020,May,Mexico,10428109739.0,14857386976.0,-4429277237.0,25285496715.0,0.7018804690114844,0.41266924685361067,0.48395279037583666,0.8527055842226525
May 2021,2021-05-01,2021,May,Canada,25599547245.0,29040495464.0,-3440948219.0,54640042709.0,0.8815120691289319,0.5276654410385937,0.4828064689388126,1.0929129474971184
May 2021,2021-05-01,2021,May,Mexico,22915184352.0,31108854912.0,-8193670560.0,54024039264.0,0.7366129167023967,0.47233455896140636,0.5171935310611874,0.9132646303449725
May 2022,2022-05-01,2022,May,Canada,30800486934.0,40460747326.0,-9660260392.0,71261234260.0,0.7612436489577064,0.5156004614127252,0.5063526715906127,1.0182635351622857
May 2022,2022-05-01,2022,May,Mexico,28936633645.0,39445510893.0,-10508877248.0,68382144538.0,0.7335849628996717,0.48439953858727486,0.49364732840938735,0.981266403584295
May 2023,2023-05-01,2023,May,Canada,30971930849.0,36573212467.0,-5601281618.0,67545143316.0,0.8468474262944762,0.5312641306575095,0.469412331299532,1.131764325804449
May 2023,2023-05-01,2023,May,Mexico,27326623602.0,41339552129.0,-14012928527.0,68666175731.0,0.6610285354985782,0.46873586934249045,0.530587668700468,0.8834277481241376
May 2024,2024-05-01,2024,May,Canada,30285350120.0,35669381089.0,-5384030969.0,65954731209.0,0.8490573482178986,0.5100817488713386,0.4483885064035406,1.1375888132428518
May 2024,2024-05-01,2024,May,Mexico,29088172236.0,43880787079.0,-14792614843.0,72968959315.0,0.662890849784249,0.4899182511286614,0.5516114935964594,0.8881581635191039
November 2012,2012-11-01,2012,November,Canada,24679568411.0,27751808795.0,-3072240384.0,52431377206.0,0.8892958507067287,0.5680838071718487,0.5390465984085115,1.0538677154239855
November 2012,2012-11-01,2012,November,Mexico,18763965975.0,23731326201.0,-4967360226.0,42495292176.0,0.7906834121309797,0.43191619282815136,0.46095340159148845,0.9370061948494508
November 2013,2013-11-01,2013,November,Canada,25681488450.0,27367598442.0,-1686109992.0,53049086892.0,0.9383902831089339,0.5710562091823416,0.5356643373534666,1.066070987670626
November 2013,2013-11-01,2013,November,Mexico,19290421560.0,23723348880.0,-4432927320.0,43013770440.0,0.8131407440651356,0.42894379081765843,0.46433566264653336,0.9237795528623518
November 2014,2014-11-01,2014,November,Canada,25465027401.0,27058340548.0,-1593313147.0,52523367949.0,0.9411156370002236,0.56373810786731,0.5260138223676075,1.0717172893478428
November 2014,2014-11-01,2014,November,Mexico,19706705795.0,24382019757.0,-4675313962.0,44088725552.0,0.8082474705296827,0.4362618921326899,0.4739861776323925,0.9204105788735463
November 2015,2015-11-01,2015,November,Canada,22403516684.0,22912582718.0,-509066034.0,45316099402.0,0.9777822500298021,0.5423007266006232,0.48789528033535157,1.111510499195394
November 2015,2015-11-01,2015,November,Mexico,18908463155.0,24049508619.0,-5141045464.0,42957971774.0,0.7862307481850842,0.4576992733993767,0.5121047196646484,0.8937610918702349
November 2016,2016-11-01,2016,November,Canada,21668474397.0,24409721743.0,-2741247346.0,46078196140.0,0.8876985417998011,0.5254817322598959,0.49047220402976305,1.0713792299390088
November 2016,2016-11-01,2016,November,Mexico,19566973130.0,25358076600.0,-5791103470.0,44925049730.0,0.7716268642393801,0.47451826774010414,0.5095277959702369,0.9312902485261515
November 2017,2017-11-01,2017,November,Canada,25142452287.0,26131356710.0,-988904423.0,51273808997.0,0.9621564071864067,0.5362364401317339,0.4874123370125061,1.1001700191227928
November 2017,2017-11-01,2017,November,Mexico,21744425227.0,27481066952.0,-5736641725.0,49225492179.0,0.7912511280941186,0.4637635598682661,0.5125876629874939,0.9047497498580667
November 2018,2018-11-01,2018,November,Canada,24490499758.0,25626614915.0,-1136115157.0,50117114673.0,0.9556665926901255,0.5161455375061922,0.4651663929355465,1.1095933527117667
November 2018,2018-11-01,2018,November,Mexico,22958326161.0,29464671352.0,-6506345191.0,52422997513.0,0.7791814775983116,0.48385446249380776,0.5348336070644535,0.9046822340681704
November 2019,2019-11-01,2019,November,Canada,23430118158.0,25240122410.0,-1810004252.0,48670240568.0,0.928288610387924,0.5295002893418044,0.4648197911147164,1.1391517733613994
November 2019,2019-11-01,2019,November,Mexico,20819372597.0,29060754817.0,-8241382220.0,49880127414.0,0.7164085285500242,0.47049971065819557,0.5351802088852836,0.8791425819691469
November 2020,2020-11-01,2020,November,Canada,22544227401.0,24064876260.0,-1520648859.0,46609103661.0,0.9368104434624672,0.5368949719741748,0.44660039194393086,1.2021820438562896
November 2020,2020-11-01,2020,November,Mexico,19445786620.0,29819707574.0,-10373920954.0,49265494194.0,0.6521119153078118,0.46310502802582526,0.5533996080560691,0.8368365667127552
November 2021,2021-11-01,2021,November,Canada,27775905815.0,33810911660.0,-6035005845.0,61586817475.0,0.821507154090148,0.5367649402599824,0.4951723998255469,1.0839960798483295
November 2021,2021-11-01,2021,November,Mexico,23970964615.0,34470179273.0,-10499214658.0,58441143888.0,0.6954116607619768,0.4632350597400176,0.5048276001744532,0.9176104071566958
November 2022,2022-11-01,2022,November,Canada,29751059945.0,33777685638.0,-4026625693.0,63528745583.0,0.8807903615376764,0.5378064241147457,0.4796511031118122,1.121245047964326
November 2022,2022-11-01,2022,November,Mexico,25568212215.0,36643679848.0,-11075467633.0,62211892063.0,0.6977523087489671,0.4621935758852544,0.5203488968881878,0.8882378316727176
November 2023,2023-11-01,2023,November,Canada,28989840206.0,36236790358.0,-7246950152.0,65226630564.0,0.8000112570565983,0.5278360538839446,0.4762932820567405,1.1082164577350975
November 2023,2023-11-01,2023,November,Mexico,25932213702.0,39844044126.0,-13911830424.0,65776257828.0,0.6508429119291654,0.4721639461160554,0.5237067179432595,0.9015808465668976
November 2024,2024-11-01,2024,November,Canada,28389282858.0,33438102056.0,-5048819198.0,61827384914.0,0.8490099949589076,0.5134660499497499,0.4417950463791162,1.1622268157102216
November 2024,2024-11-01,2024,November,Mexico,26900220432.0,42248808266.0,-15348587834.0,69149028698.0,0.6367095673476812,0.48653395005025013,0.5582049536208837,0.871604500988878
October 2012,2012-10-01,2012,October,Canada,25678936770.0,27661292052.0,-1982355282.0,53340228822.0,0.9283346823325026,0.5566314509243362,0.5270932282045596,1.0560398448304729
October 2012,2012-10-01,2012,October,Mexico,20453808204.0,24817644447.0,-4363836243.0,45271452651.0,0.8241639631706663,0.44336854907566375,0.4729067717954404,0.9375390151263183
October 2013,2013-10-01,2013,October,Canada,27028748556.0,29634436835.0,-2605688279.0,56663185391.0,0.9120722862557479,0.5619974459220942,0.539304444570429,1.0420782761576177
October 2013,2013-10-01,2013,October,Mexico,21065328654.0,25314928284.0,-4249599630.0,46380256938.0,0.8321306865923097,0.4380025540779058,0.460695555429571,0.950741870451723
October 2014,2014-10-01,2014,October,Canada,28392840265.0,30715273887.0,-2322433622.0,59108114152.0,0.9243883147340922,0.5595542035593704,0.5270214860448154,1.0617293950550406
October 2014,2014-10-01,2014,October,Mexico,22349054058.0,27565602131.0,-5216548073.0,49914656189.0,0.810758783783884,0.44044579644062964,0.47297851395518464,0.9312173459159764
October 2015,2015-10-01,2015,October,Canada,23841062267.0,23669240607.0,171821660.0,47510302874.0,1.007259280635695,0.5288796429610768,0.46101634913001943,1.14720365982491
October 2015,2015-10-01,2015,October,Mexico,21237364525.0,27672193708.0,-6434829183.0,48909558233.0,0.7674622673250622,0.4711203570389232,0.5389836508699806,0.8740902553880469
October 2016,2016-10-01,2016,October,Canada,22601305096.0,23848174844.0,-1246869748.0,46449479940.0,0.9477163449129231,0.5279381385706585,0.4749966543031953,1.111456541404753
October 2016,2016-10-01,2016,October,Mexico,20209212737.0,26358862675.0,-6149649938.0,46568075412.0,0.7666951714182789,0.47206186142934153,0.5250033456968047,0.8991597202162641
October 2017,2017-10-01,2017,October,Canada,23943645120.0,25655086158.0,-1711441038.0,49598731278.0,0.9332903804158021,0.5196705966986496,0.4731037061250656,1.0984285051473979
October 2017,2017-10-01,2017,October,Mexico,22131013081.0,28572107216.0,-6441094135.0,50703120297.0,0.7745670598844361,0.4803294033013504,0.5268962938749344,0.9116203869434745
October 2018,2018-10-01,2018,October,Canada,26194277199.0,28054861875.0,-1860584676.0,54249139074.0,0.9336804905941103,0.5141457718182141,0.46999666785196276,1.0939349297262617
October 2018,2018-10-01,2018,October,Mexico,24752902832.0,31636756798.0,-6883853966.0,56389659630.0,0.7824096189772783,0.4858542281817859,0.5300033321480372,0.9167003275482807
October 2019,2019-10-01,2019,October,Canada,25266554519.0,28534087504.0,-3267532985.0,53800642023.0,0.8854866837938327,0.5314012372848569,0.4798300915387803,1.1074779315750949
October 2019,2019-10-01,2019,October,Mexico,22280482910.0,30932978041.0,-8652495131.0,53213460951.0,0.720282504984435,0.4685987627151431,0.5201699084612197,0.9008571143635823
October 2020,2020-10-01,2020,October,Canada,23663850531.0,24853058195.0,-1189207664.0,48516908726.0,0.95215044946705,0.5358664104301799,0.4311880856305882,1.2427672013397717
October 2020,2020-10-01,2020,October,Mexico,20496130521.0,32785496819.0,-12289366298.0,53281627340.0,0.6251584544883879,0.4641335895698201,0.5688119143694118,0.8159702317142237
October 2021,2021-10-01,2021,October,Canada,27483454204.0,31577065125.0,-4093610921.0,59060519329.0,0.8703612604656209,0.5290335679292697,0.4805080863193279,1.1009878563785367
October 2021,2021-10-01,2021,October,Mexico,24466848896.0,34138925977.0,-9672077081.0,58605774873.0,0.7166847871102843,0.4709664320707303,0.5194919136806722,0.9065904967295215
October 2022,2022-10-01,2022,October,Canada,30273570613.0,34670422121.0,-4396851508.0,64943992734.0,0.8731814832638911,0.5197288380297507,0.4634166610543743,1.1215152188254385
October 2022,2022-10-01,2022,October,Mexico,27975209131.0,40144372069.0,-12169162938.0,68119581200.0,0.6968650321125042,0.48027116197024927,0.5365833389456257,0.8950541828487842
October 2023,2023-10-01,2023,October,Canada,29303753519.0,36403160145.0,-7099406626.0,65706913664.0,0.8049782876617895,0.49679592782470977,0.459053024815992,1.0822190487119583
October 2023,2023-10-01,2023,October,Mexico,29681741083.0,42897395950.0,-13215654867.0,72579137033.0,0.691924076640834,0.5032040721752902,0.540946975184008,0.9302280912174816
October 2024,2024-10-01,2024,October,Canada,29817678853.0,34463328989.0,-4645650136.0,64281007842.0,0.8652001918478973,0.5059574250453696,0.43103021745286635,1.1738328417791186
October 2024,2024-10-01,2024,October,Mexico,29115498875.0,45492385468.0,-16376886593.0,74607884343.0,0.6400081810499971,0.4940425749546305,0.5689697825471336,0.8683107435739856
September 2012,2012-09-01,2012,September,Canada,24147866076.0,26051973341.0,-1904107265.0,50199839417.0,0.9269112078353251,0.5804044895354415,0.5404629776830248,1.0739024012775988
September 2012,2012-09-01,2012,September,Mexico,17457370464.0,22151094060.0,-4693723596.0,39608464524.0,0.7881042090613559,0.41959551046455845,0.45953702231697524,0.9130831469224556
September 2013,2013-09-01,2013,September,Canada,24881162620.0,28168814937.0,-3287652317.0,53049977557.0,0.8832875176200033,0.5799239370144146,0.5472639966676643,1.0596785839112737
September 2013,2013-09-01,2013,September,Mexico,18023020208.0,23303262723.0,-5280242515.0,41326282931.0,0.7734118789388031,0.4200760629855854,0.45273600333233566,0.9278609606782788
September 2014,2014-09-01,2014,September,Canada,26831334322.0,30813104753.0,-3981770431.0,57644439075.0,0.8707767210439146,0.5721381542757105,0.5517461570147236,1.036959020016233
September 2014,2014-09-01,2014,September,Mexico,20065265951.0,25033418800.0,-4968152849.0,45098684751.0,0.8015391789394744,0.42786184572428954,0.4482538429852764,0.9545079254085578
September 2015,2015-09-01,2015,September,Canada,23032586248.0,25289207709.0,-2256621461.0,48321793957.0,0.9107674116577046,0.5409016899332785,0.4995840771610922,1.0827040225280504
September 2015,2015-09-01,2015,September,Mexico,19549248264.0,25331316173.0,-5782067909.0,44880564437.0,0.7717423023142019,0.4590983100667215,0.5004159228389078,0.9174334570774897
September 2016,2016-09-01,2016,September,Canada,22661275543.0,23748952106.0,-1087676563.0,46410227649.0,0.9542010713506299,0.5347009000762761,0.4859507083785184,1.1003192110994622
September 2016,2016-09-01,2016,September,Mexico,19719942704.0,25122161150.0,-5402218446.0,44842103854.0,0.7849620335709055,0.4652990999237238,0.5140492916214816,0.9051643636274966
September 2017,2017-09-01,2017,September,Canada,24128220507.0,24211011221.0,-82790714.0,48339231728.0,0.9965804520412518,0.5446734352986704,0.48477284026911,1.123564255366097
September 2017,2017-09-01,2017,September,Mexico,20170287449.0,25731991377.0,-5561703928.0,45902278826.0,0.7838603376429228,0.45532656470132965,0.51522715973089,0.8837394459933999
September 2018,2018-09-01,2018,September,Canada,24585778856.0,26297212679.0,-1711433823.0,50882991535.0,0.9349195732684366,0.5315877809752017,0.47569211029735614,1.11750388427276
September 2018,2018-09-01,2018,September,Mexico,21663927657.0,28984790343.0,-7320862686.0,50648718000.0,0.7474239903284989,0.4684122190247984,0.5243078897026439,0.8933915133156853
September 2019,2019-09-01,2019,September,Canada,24307375177.0,26851540839.0,-2544165662.0,51158916016.0,0.9052506641144118,0.540824412517755,0.4784213471055124,1.130435369972068
September 2019,2019-09-01,2019,September,Mexico,20637665421.0,29273757502.0,-8636092081.0,49911422923.0,0.7049886035159656,0.45917558748224496,0.5215786528944876,0.8803573246988956
September 2020,2020-09-01,2020,September,Canada,23405794440.0,24595478130.0,-1189683690.0,48001272570.0,0.9516299832143169,0.5556854659866113,0.45225984976256633,1.2286862658233817
September 2020,2020-09-01,2020,September,Mexico,18714786127.0,29788032020.0,-11073245893.0,48502818147.0,0.6282652749411137,0.44431453401338866,0.5477401502374337,0.8111775881698425
September 2021,2021-09-01,2021,September,Canada,24754693863.0,29926457015.0,-5171763152.0,54681150878.0,0.8271842487265444,0.5203565085585578,0.48459242513901185,1.0738023988082077
September 2021,2021-09-01,2021,September,Mexico,22817871207.0,31829475316.0,-9011604109.0,54647346523.0,0.71687864724336,0.47964349144144225,0.5154075748609881,0.9306100935183348
September 2022,2022-09-01,2022,September,Canada,30622380974.0,35916131734.0,-5293750760.0,66538512708.0,0.8526079924417731,0.5245908074536321,0.47815429158967715,1.0971161750103122
September 2022,2022-09-01,2022,September,Mexico,27751461150.0,39197973411.0,-11446512261.0,66949434561.0,0.7079820392503302,0.47540919254636793,0.5218457084103229,0.9110148553191851
September 2023,2023-09-01,2023,September,Canada,29760833567.0,34904993141.0,-5144159574.0,64665826708.0,0.8526239626170394,0.5200129998700125,0.46906352504373666,1.1086195623962132
September 2023,2023-09-01,2023,September,Mexico,27470107918.0,39509220025.0,-12039112107.0,66979327943.0,0.6952834781506169,0.47998700012998746,0.5309364749562633,0.904038473095161
September 2024,2024-09-01,2024,September,Canada,29152632625.0,34633304379.0,-5480671754.0,63785937004.0,0.8417514051208114,0.5071526735056336,0.43957412979417587,1.1537363987801112
September 2024,2024-09-01,2024,September,Mexico,28330319054.0,44155009199.0,-15824690145.0,72485328253.0,0.641610534522131,0.4928473264943664,0.5604258702058241,0.8794157313140477
